[{"model": "product.unit", "pk": 1, "fields": {"unit": "GHz", "unit_description": "Speed of CPU"}}, {"model": "product.unit", "pk": 2, "fields": {"unit": "Gb", "unit_description": "Memory volume"}}, {"model": "product.unit", "pk": 3, "fields": {"unit": "V", "unit_description": "Volts. Power unit"}}, {"model": "product.unit", "pk": 4, "fields": {"unit": "Hours", "unit_description": "Time unit"}}, {"model": "product.unit", "pk": 5, "fields": {"unit": "inches", "unit_description": "Lenth (width, height) unit"}}, {"model": "product.unit", "pk": 6, "fields": {"unit": "pounds", "unit_description": "Wight unit"}}, {"model": "product.unit", "pk": 7, "fields": {"unit": "ft.", "unit_description": "Lenth (width, height) unit"}}, {"model": "product.unit", "pk": 8, "fields": {"unit": "Megapixels", "unit_description": "Resolution"}}, {"model": "product.unit", "pk": 9, "fields": {"unit": "millimeters", "unit_description": "Lenth"}}, {"model": "product.unit", "pk": 10, "fields": {"unit": "pixels", "unit_description": "Camera resolution"}}, {"model": "product.attribute", "pk": 1, "fields": {"title": "Color", "category": 5, "rank": 40, "help_text": "Color of item"}}, {"model": "product.attribute", "pk": 2, "fields": {"title": "CPU (speed)", "category": 5, "rank": 80, "help_text": "Speed of CPU"}}, {"model": "product.attribute", "pk": 3, "fields": {"title": "Hard Disk Size", "category": 5, "rank": 73, "help_text": "Hard Disk Size"}}, {"model": "product.attribute", "pk": 5, "fields": {"title": "CPU (Model)", "category": 5, "rank": 78, "help_text": "Model of CPU"}}, {"model": "product.attribute", "pk": 6, "fields": {"title": "CPU (Model Manufacturer)", "category": 5, "rank": 77, "help_text": "Model Manufacturer of CPU"}}, {"model": "product.attribute", "pk": 7, "fields": {"title": "Display Resolution", "category": 5, "rank": 76, "help_text": "Display Resolution Maximum"}}, {"model": "product.attribute", "pk": 8, "fields": {"title": "Graphics", "category": 5, "rank": 75, "help_text": "Graphics Description"}}, {"model": "product.attribute", "pk": 9, "fields": {"title": "Hard Disk", "category": 5, "rank": 74, "help_text": "Hard Disk Description (HDD/SDD) "}}, {"model": "product.attribute", "pk": 10, "fields": {"title": "Item Dimension (length)", "category": 5, "rank": 50, "help_text": "Item Dimension"}}, {"model": "product.attribute", "pk": 11, "fields": {"title": "Item Dimensions (width)", "category": 5, "rank": 50, "help_text": "Item Dimension"}}, {"model": "product.attribute", "pk": 12, "fields": {"title": "Item Dimensions (height)", "category": 5, "rank": 50, "help_text": "Item Dimension"}}, {"model": "product.attribute", "pk": 13, "fields": {"title": "Weight", "category": 5, "rank": 49, "help_text": "Item Weight"}}, {"model": "product.attribute", "pk": 14, "fields": {"title": "Operating System", "category": 5, "rank": 60, "help_text": "Operating System"}}, {"model": "product.attribute", "pk": 15, "fields": {"title": "Processor Count", "category": 5, "rank": 77, "help_text": "Model of CPU"}}, {"model": "product.attribute", "pk": 16, "fields": {"title": "RAM Type", "category": 5, "rank": 73, "help_text": "RAM Type"}}, {"model": "product.attribute", "pk": 17, "fields": {"title": "RAM Size", "category": 5, "rank": 73, "help_text": "RAM Size"}}, {"model": "product.attribute", "pk": 18, "fields": {"title": "Wireless", "category": 5, "rank": 59, "help_text": "Wireless Communication Technology"}}, {"model": "product.attribute", "pk": 19, "fields": {"title": "Optical Drive", "category": 5, "rank": 58, "help_text": "Optical Drive Type"}}, {"model": "product.attribute", "pk": 20, "fields": {"title": "Power Source", "category": 5, "rank": 55, "help_text": "Power Source"}}, {"model": "product.attribute", "pk": 21, "fields": {"title": "Voltage", "category": 5, "rank": 55, "help_text": "Voltage"}}, {"model": "product.attribute", "pk": 22, "fields": {"title": "Batteries", "category": 5, "rank": 55, "help_text": "Batteries"}}, {"model": "product.attribute", "pk": 23, "fields": {"title": "Battery Life", "category": 5, "rank": 55, "help_text": "Average Battery Life (in hours)"}}, {"model": "product.attribute", "pk": 24, "fields": {"title": "USB 2.0 Ports", "category": 5, "rank": 70, "help_text": "Number of USB 2.0 Ports"}}, {"model": "product.attribute", "pk": 25, "fields": {"title": "USB 3.0 Ports", "category": 5, "rank": 70, "help_text": "Number of USB 3.0 Ports"}}, {"model": "product.attribute", "pk": 26, "fields": {"title": "Color", "category": 1, "rank": 50, "help_text": "Color of item"}}, {"model": "product.attribute", "pk": 27, "fields": {"title": "Ear pads", "category": 1, "rank": 60, "help_text": "Quantity of earpads"}}, {"model": "product.attribute", "pk": 28, "fields": {"title": "Ear pads (type)", "category": 1, "rank": 59, "help_text": "Type of earpads"}}, {"model": "product.attribute", "pk": 29, "fields": {"title": "Microphone", "category": 1, "rank": 58, "help_text": "Microphone on board"}}, {"model": "product.attribute", "pk": 30, "fields": {"title": "Remote", "category": 1, "rank": 57, "help_text": "Remote on board"}}, {"model": "product.attribute", "pk": 31, "fields": {"title": "Compatible", "category": 1, "rank": 55, "help_text": "Compatible with devices"}}, {"model": "product.attribute", "pk": 32, "fields": {"title": "Length", "category": 1, "rank": 45, "help_text": "Length of item"}}, {"model": "product.attribute", "pk": 33, "fields": {"title": "Sensor type", "category": 2, "rank": 80, "help_text": "Type of cameras sensor"}}, {"model": "product.attribute", "pk": 34, "fields": {"title": "Effective Pixels", "category": 2, "rank": 79, "help_text": "Effective Pixels of cameras sensor"}}, {"model": "product.attribute", "pk": 35, "fields": {"title": "RAM size", "category": 3, "rank": 70, "help_text": "Size of memory (RAM)"}}, {"model": "product.attribute", "pk": 36, "fields": {"title": "Internal memory", "category": 3, "rank": 69, "help_text": "Internal memory"}}, {"model": "product.attribute", "pk": 37, "fields": {"title": "External memory", "category": 3, "rank": 68, "help_text": "External memory (card type or none)"}}, {"model": "product.attribute", "pk": 38, "fields": {"title": "External memory (max size)", "category": 3, "rank": 67, "help_text": "External memory (max size)"}}, {"model": "product.attribute", "pk": 39, "fields": {"title": "Ingress Protection Code", "category": 3, "rank": 63, "help_text": "Ingress Protection Code (IP), ex. IP56"}}, {"model": "product.attribute", "pk": 40, "fields": {"title": "Weight", "category": 6, "rank": 45, "help_text": "Item Weight"}}, {"model": "product.attribute", "pk": 41, "fields": {"title": "Color", "category": 6, "rank": 50, "help_text": "Color of item"}}, {"model": "product.attribute", "pk": 42, "fields": {"title": "Wattage", "category": 6, "rank": 70, "help_text": "Wattage"}}, {"model": "product.attribute", "pk": 43, "fields": {"title": "Color", "category": 7, "rank": 50, "help_text": "Color of item"}}, {"model": "product.attribute", "pk": 44, "fields": {"title": "Color", "category": 7, "rank": 50, "help_text": "Color of item"}}, {"model": "product.attribute", "pk": 45, "fields": {"title": "Color", "category": 9, "rank": 50, "help_text": "Color of item"}}, {"model": "product.attribute", "pk": 46, "fields": {"title": "Color", "category": 10, "rank": 50, "help_text": "Color of item"}}, {"model": "product.attribute", "pk": 47, "fields": {"title": "Rated voltage", "category": 1, "rank": 60, "help_text": "Rated voltage"}}, {"model": "product.attribute", "pk": 48, "fields": {"title": "Connector", "category": 1, "rank": 59, "help_text": "Connector"}}, {"model": "product.attribute", "pk": 49, "fields": {"title": "Connector type", "category": 1, "rank": 58, "help_text": "Connector type"}}, {"model": "product.attribute", "pk": 50, "fields": {"title": "Color", "category": 2, "rank": 50, "help_text": "Color of item"}}, {"model": "product.attribute", "pk": 51, "fields": {"title": "Digital Camera Type", "category": 2, "rank": 78, "help_text": "Digital Camera Type"}}, {"model": "product.attribute", "pk": 52, "fields": {"title": "Number of Lenses Included", "category": 2, "rank": 77, "help_text": "Number of Lenses Included"}}, {"model": "product.attribute", "pk": 53, "fields": {"title": "Image Resolution (Display)", "category": 2, "rank": 76, "help_text": "Image Resolution (Display)"}}, {"model": "product.attribute", "pk": 54, "fields": {"title": "Minimum ISO", "category": 2, "rank": 75, "help_text": "Minimum ISO"}}, {"model": "product.attribute", "pk": 55, "fields": {"title": "Maximum ISO", "category": 2, "rank": 75, "help_text": "Maximum ISO"}}, {"model": "product.attribute", "pk": 56, "fields": {"title": "Minimum Aperture", "category": 2, "rank": 74, "help_text": "Minimum Aperture"}}, {"model": "product.attribute", "pk": 57, "fields": {"title": "Minimum Focal Length", "category": 2, "rank": 73, "help_text": "Minimum Focal Length"}}, {"model": "product.attribute", "pk": 58, "fields": {"title": "Maximum Focal Length", "category": 2, "rank": 73, "help_text": "Maximum Focal Length"}}, {"model": "product.attribute", "pk": 59, "fields": {"title": "Wireless Connectivity", "category": 2, "rank": 72, "help_text": "Wireless Connectivity"}}, {"model": "product.attribute", "pk": 60, "fields": {"title": "Width", "category": 2, "rank": 40, "help_text": "Width"}}, {"model": "product.attribute", "pk": 61, "fields": {"title": "Height", "category": 2, "rank": 39, "help_text": "Height"}}, {"model": "product.attribute", "pk": 62, "fields": {"title": "Length", "category": 2, "rank": 41, "help_text": "Length of item"}}, {"model": "product.attribute", "pk": 63, "fields": {"title": "Weight", "category": 2, "rank": 37, "help_text": "Weight"}}, {"model": "product.attribute", "pk": 64, "fields": {"title": "Output(s)", "category": 2, "rank": 60, "help_text": "Output(s)"}}, {"model": "product.attribute", "pk": 65, "fields": {"title": "Camera Resolution", "category": 2, "rank": 70, "help_text": "Camera Resolution"}}, {"model": "product.attribute", "pk": 66, "fields": {"title": "Rear camera (main)", "category": 3, "rank": 60, "help_text": "Rear camera (main)"}}, {"model": "product.attribute", "pk": 67, "fields": {"title": "Rear camera (second)", "category": 3, "rank": 59, "help_text": "Rear camera (second)"}}, {"model": "product.attribute", "pk": 68, "fields": {"title": "Front camera", "category": 3, "rank": 57, "help_text": "Front camera"}}, {"model": "product.attributevalue", "pk": 1, "fields": {"value": "Black", "unit": null, "attribute": 1, "product": 1}}, {"model": "product.attributevalue", "pk": 7, "fields": {"value": "4.5", "unit": null, "attribute": 2, "product": 1}}, {"model": "product.attributevalue", "pk": 8, "fields": {"value": "256", "unit": null, "attribute": 3, "product": 1}}, {"model": "product.attributevalue", "pk": 10, "fields": {"value": "Core i5-10300H", "unit": null, "attribute": 5, "product": 1}}, {"model": "product.attributevalue", "pk": 11, "fields": {"value": "Intel", "unit": null, "attribute": 6, "product": 1}}, {"model": "product.attributevalue", "pk": 12, "fields": {"value": "1920 x 1080", "unit": null, "attribute": 7, "product": 1}}, {"model": "product.attributevalue", "pk": 13, "fields": {"value": "NVIDIA GeForce RTX 3050", "unit": null, "attribute": 8, "product": 1}}, {"model": "product.attributevalue", "pk": 14, "fields": {"value": "SSD", "unit": null, "attribute": 9, "product": 1}}, {"model": "product.attributevalue", "pk": 15, "fields": {"value": "14.31", "unit": null, "attribute": 10, "product": 1}}, {"model": "product.attributevalue", "pk": 16, "fields": {"value": "10.04", "unit": null, "attribute": 11, "product": 1}}, {"model": "product.attributevalue", "pk": 17, "fields": {"value": "0.94", "unit": null, "attribute": 12, "product": 1}}, {"model": "product.attributevalue", "pk": 18, "fields": {"value": "5.07", "unit": null, "attribute": 13, "product": 1}}, {"model": "product.attributevalue", "pk": 19, "fields": {"value": "Windows 11 Home", "unit": null, "attribute": 14, "product": 1}}, {"model": "product.attributevalue", "pk": 20, "fields": {"value": "4", "unit": null, "attribute": 15, "product": 1}}, {"model": "product.attributevalue", "pk": 21, "fields": {"value": "DDR4 SDRAM", "unit": null, "attribute": 16, "product": 1}}, {"model": "product.attributevalue", "pk": 22, "fields": {"value": "8", "unit": null, "attribute": 17, "product": 1}}, {"model": "product.attributevalue", "pk": 23, "fields": {"value": "Bluetooth, WiFi", "unit": null, "attribute": 18, "product": 1}}, {"model": "product.attributevalue", "pk": 24, "fields": {"value": "No", "unit": null, "attribute": 19, "product": 1}}, {"model": "product.attributevalue", "pk": 25, "fields": {"value": "Battery Powered", "unit": null, "attribute": 20, "product": 1}}, {"model": "product.attributevalue", "pk": 26, "fields": {"value": "240", "unit": null, "attribute": 21, "product": 1}}, {"model": "product.attributevalue", "pk": 27, "fields": {"value": "1 Lithium ion batteries required. (included)", "unit": null, "attribute": 22, "product": 1}}, {"model": "product.attributevalue", "pk": 28, "fields": {"value": "11", "unit": null, "attribute": 23, "product": 1}}, {"model": "product.attributevalue", "pk": 29, "fields": {"value": "0", "unit": null, "attribute": 24, "product": 1}}, {"model": "product.attributevalue", "pk": 30, "fields": {"value": "4", "unit": null, "attribute": 25, "product": 1}}, {"model": "product.attributevalue", "pk": 31, "fields": {"value": "Black", "unit": null, "attribute": 1, "product": 37}}, {"model": "product.attributevalue", "pk": 32, "fields": {"value": "4.5", "unit": null, "attribute": 2, "product": 37}}, {"model": "product.attributevalue", "pk": 33, "fields": {"value": "256", "unit": null, "attribute": 3, "product": 37}}, {"model": "product.attributevalue", "pk": 34, "fields": {"value": "Core i5-10300H", "unit": null, "attribute": 5, "product": 37}}, {"model": "product.attributevalue", "pk": 35, "fields": {"value": "Intel", "unit": null, "attribute": 6, "product": 37}}, {"model": "product.attributevalue", "pk": 36, "fields": {"value": "1920 x 1080", "unit": null, "attribute": 7, "product": 37}}, {"model": "product.attributevalue", "pk": 37, "fields": {"value": "NVIDIA GeForce RTX 3050", "unit": null, "attribute": 8, "product": 37}}, {"model": "product.attributevalue", "pk": 38, "fields": {"value": "SSD", "unit": null, "attribute": 9, "product": 37}}, {"model": "product.attributevalue", "pk": 39, "fields": {"value": "14.31", "unit": null, "attribute": 10, "product": 37}}, {"model": "product.attributevalue", "pk": 40, "fields": {"value": "10.04", "unit": null, "attribute": 11, "product": 37}}, {"model": "product.attributevalue", "pk": 41, "fields": {"value": "0.94", "unit": null, "attribute": 12, "product": 37}}, {"model": "product.attributevalue", "pk": 42, "fields": {"value": "5.07", "unit": null, "attribute": 13, "product": 37}}, {"model": "product.attributevalue", "pk": 43, "fields": {"value": "Windows 11 Home", "unit": null, "attribute": 14, "product": 37}}, {"model": "product.attributevalue", "pk": 44, "fields": {"value": "4", "unit": null, "attribute": 15, "product": 37}}, {"model": "product.attributevalue", "pk": 45, "fields": {"value": "DDR4 SDRAM", "unit": null, "attribute": 16, "product": 37}}, {"model": "product.attributevalue", "pk": 46, "fields": {"value": "8", "unit": null, "attribute": 17, "product": 37}}, {"model": "product.attributevalue", "pk": 47, "fields": {"value": "Bluetooth, WiFi", "unit": null, "attribute": 18, "product": 37}}, {"model": "product.attributevalue", "pk": 48, "fields": {"value": "No", "unit": null, "attribute": 19, "product": 37}}, {"model": "product.attributevalue", "pk": 49, "fields": {"value": "Battery Powered", "unit": null, "attribute": 20, "product": 37}}, {"model": "product.attributevalue", "pk": 50, "fields": {"value": "240", "unit": null, "attribute": 21, "product": 37}}, {"model": "product.attributevalue", "pk": 51, "fields": {"value": "1 Lithium ion batteries required. (included)", "unit": null, "attribute": 22, "product": 37}}, {"model": "product.attributevalue", "pk": 52, "fields": {"value": "11", "unit": null, "attribute": 23, "product": 37}}, {"model": "product.attributevalue", "pk": 53, "fields": {"value": "0", "unit": null, "attribute": 24, "product": 37}}, {"model": "product.attributevalue", "pk": 54, "fields": {"value": "4", "unit": null, "attribute": 25, "product": 37}}, {"model": "product.attributevalue", "pk": 55, "fields": {"value": "Black", "unit": null, "attribute": 1, "product": 34}}, {"model": "product.attributevalue", "pk": 56, "fields": {"value": "4.5", "unit": null, "attribute": 2, "product": 34}}, {"model": "product.attributevalue", "pk": 57, "fields": {"value": "256", "unit": null, "attribute": 3, "product": 34}}, {"model": "product.attributevalue", "pk": 58, "fields": {"value": "Core i5-10300H", "unit": null, "attribute": 5, "product": 34}}, {"model": "product.attributevalue", "pk": 59, "fields": {"value": "Intel", "unit": null, "attribute": 6, "product": 34}}, {"model": "product.attributevalue", "pk": 60, "fields": {"value": "1920 x 1080", "unit": null, "attribute": 7, "product": 34}}, {"model": "product.attributevalue", "pk": 61, "fields": {"value": "NVIDIA GeForce RTX 3050", "unit": null, "attribute": 8, "product": 34}}, {"model": "product.attributevalue", "pk": 62, "fields": {"value": "SSD", "unit": null, "attribute": 9, "product": 34}}, {"model": "product.attributevalue", "pk": 63, "fields": {"value": "14.31", "unit": null, "attribute": 10, "product": 34}}, {"model": "product.attributevalue", "pk": 64, "fields": {"value": "10.04", "unit": null, "attribute": 11, "product": 34}}, {"model": "product.attributevalue", "pk": 65, "fields": {"value": "0.94", "unit": null, "attribute": 12, "product": 34}}, {"model": "product.attributevalue", "pk": 66, "fields": {"value": "5.07", "unit": null, "attribute": 13, "product": 34}}, {"model": "product.attributevalue", "pk": 67, "fields": {"value": "Windows 11 Home", "unit": null, "attribute": 14, "product": 34}}, {"model": "product.attributevalue", "pk": 68, "fields": {"value": "4", "unit": null, "attribute": 15, "product": 34}}, {"model": "product.attributevalue", "pk": 69, "fields": {"value": "DDR4 SDRAM", "unit": null, "attribute": 16, "product": 34}}, {"model": "product.attributevalue", "pk": 70, "fields": {"value": "8", "unit": null, "attribute": 17, "product": 34}}, {"model": "product.attributevalue", "pk": 71, "fields": {"value": "Bluetooth, WiFi", "unit": null, "attribute": 18, "product": 34}}, {"model": "product.attributevalue", "pk": 72, "fields": {"value": "No", "unit": null, "attribute": 19, "product": 34}}, {"model": "product.attributevalue", "pk": 73, "fields": {"value": "Battery Powered", "unit": null, "attribute": 20, "product": 34}}, {"model": "product.attributevalue", "pk": 74, "fields": {"value": "240", "unit": null, "attribute": 21, "product": 34}}, {"model": "product.attributevalue", "pk": 75, "fields": {"value": "1 Lithium ion batteries required. (included)", "unit": null, "attribute": 22, "product": 34}}, {"model": "product.attributevalue", "pk": 76, "fields": {"value": "11", "unit": null, "attribute": 23, "product": 34}}, {"model": "product.attributevalue", "pk": 77, "fields": {"value": "0", "unit": null, "attribute": 24, "product": 34}}, {"model": "product.attributevalue", "pk": 78, "fields": {"value": "4", "unit": null, "attribute": 25, "product": 34}}, {"model": "product.attributevalue", "pk": 79, "fields": {"value": "Black", "unit": null, "attribute": 1, "product": 35}}, {"model": "product.attributevalue", "pk": 80, "fields": {"value": "4.5", "unit": null, "attribute": 2, "product": 35}}, {"model": "product.attributevalue", "pk": 81, "fields": {"value": "256", "unit": null, "attribute": 3, "product": 35}}, {"model": "product.attributevalue", "pk": 82, "fields": {"value": "Core i5-10300H", "unit": null, "attribute": 5, "product": 35}}, {"model": "product.attributevalue", "pk": 83, "fields": {"value": "Intel", "unit": null, "attribute": 6, "product": 35}}, {"model": "product.attributevalue", "pk": 84, "fields": {"value": "1920 x 1080", "unit": null, "attribute": 7, "product": 35}}, {"model": "product.attributevalue", "pk": 85, "fields": {"value": "NVIDIA GeForce RTX 3050", "unit": null, "attribute": 8, "product": 35}}, {"model": "product.attributevalue", "pk": 86, "fields": {"value": "SSD", "unit": null, "attribute": 9, "product": 35}}, {"model": "product.attributevalue", "pk": 87, "fields": {"value": "14.31", "unit": null, "attribute": 10, "product": 35}}, {"model": "product.attributevalue", "pk": 88, "fields": {"value": "10.04", "unit": null, "attribute": 11, "product": 35}}, {"model": "product.attributevalue", "pk": 89, "fields": {"value": "0.94", "unit": null, "attribute": 12, "product": 35}}, {"model": "product.attributevalue", "pk": 90, "fields": {"value": "5.07", "unit": null, "attribute": 13, "product": 35}}, {"model": "product.attributevalue", "pk": 91, "fields": {"value": "Windows 11 Home", "unit": null, "attribute": 14, "product": 35}}, {"model": "product.attributevalue", "pk": 92, "fields": {"value": "4", "unit": null, "attribute": 15, "product": 35}}, {"model": "product.attributevalue", "pk": 93, "fields": {"value": "DDR4 SDRAM", "unit": null, "attribute": 16, "product": 35}}, {"model": "product.attributevalue", "pk": 94, "fields": {"value": "8", "unit": null, "attribute": 17, "product": 35}}, {"model": "product.attributevalue", "pk": 95, "fields": {"value": "Bluetooth, WiFi", "unit": null, "attribute": 18, "product": 35}}, {"model": "product.attributevalue", "pk": 96, "fields": {"value": "No", "unit": null, "attribute": 19, "product": 35}}, {"model": "product.attributevalue", "pk": 97, "fields": {"value": "Battery Powered", "unit": null, "attribute": 20, "product": 35}}, {"model": "product.attributevalue", "pk": 98, "fields": {"value": "240", "unit": null, "attribute": 21, "product": 35}}, {"model": "product.attributevalue", "pk": 99, "fields": {"value": "1 Lithium ion batteries required. (included)", "unit": null, "attribute": 22, "product": 35}}, {"model": "product.attributevalue", "pk": 100, "fields": {"value": "11", "unit": null, "attribute": 23, "product": 35}}, {"model": "product.attributevalue", "pk": 101, "fields": {"value": "0", "unit": null, "attribute": 24, "product": 35}}, {"model": "product.attributevalue", "pk": 102, "fields": {"value": "4", "unit": null, "attribute": 25, "product": 35}}, {"model": "product.attributevalue", "pk": 103, "fields": {"value": "Black", "unit": null, "attribute": 1, "product": 36}}, {"model": "product.attributevalue", "pk": 104, "fields": {"value": "4.5", "unit": null, "attribute": 2, "product": 36}}, {"model": "product.attributevalue", "pk": 105, "fields": {"value": "256", "unit": null, "attribute": 3, "product": 36}}, {"model": "product.attributevalue", "pk": 106, "fields": {"value": "Core i5-10300H", "unit": null, "attribute": 5, "product": 36}}, {"model": "product.attributevalue", "pk": 107, "fields": {"value": "Intel", "unit": null, "attribute": 6, "product": 36}}, {"model": "product.attributevalue", "pk": 108, "fields": {"value": "1920 x 1080", "unit": null, "attribute": 7, "product": 36}}, {"model": "product.attributevalue", "pk": 109, "fields": {"value": "NVIDIA GeForce RTX 3050", "unit": null, "attribute": 8, "product": 36}}, {"model": "product.attributevalue", "pk": 110, "fields": {"value": "SSD", "unit": null, "attribute": 9, "product": 36}}, {"model": "product.attributevalue", "pk": 111, "fields": {"value": "14.31", "unit": null, "attribute": 10, "product": 36}}, {"model": "product.attributevalue", "pk": 112, "fields": {"value": "10.04", "unit": null, "attribute": 11, "product": 36}}, {"model": "product.attributevalue", "pk": 113, "fields": {"value": "0.94", "unit": null, "attribute": 12, "product": 36}}, {"model": "product.attributevalue", "pk": 114, "fields": {"value": "5.07", "unit": null, "attribute": 13, "product": 36}}, {"model": "product.attributevalue", "pk": 115, "fields": {"value": "Windows 11 Home", "unit": null, "attribute": 14, "product": 36}}, {"model": "product.attributevalue", "pk": 116, "fields": {"value": "4", "unit": null, "attribute": 15, "product": 36}}, {"model": "product.attributevalue", "pk": 117, "fields": {"value": "DDR4 SDRAM", "unit": null, "attribute": 16, "product": 36}}, {"model": "product.attributevalue", "pk": 118, "fields": {"value": "8", "unit": null, "attribute": 17, "product": 36}}, {"model": "product.attributevalue", "pk": 119, "fields": {"value": "Bluetooth, WiFi", "unit": null, "attribute": 18, "product": 36}}, {"model": "product.attributevalue", "pk": 120, "fields": {"value": "No", "unit": null, "attribute": 19, "product": 36}}, {"model": "product.attributevalue", "pk": 121, "fields": {"value": "Battery Powered", "unit": null, "attribute": 20, "product": 36}}, {"model": "product.attributevalue", "pk": 122, "fields": {"value": "240", "unit": null, "attribute": 21, "product": 36}}, {"model": "product.attributevalue", "pk": 123, "fields": {"value": "1 Lithium ion batteries required. (included)", "unit": null, "attribute": 22, "product": 36}}, {"model": "product.attributevalue", "pk": 124, "fields": {"value": "11", "unit": null, "attribute": 23, "product": 36}}, {"model": "product.attributevalue", "pk": 125, "fields": {"value": "0", "unit": null, "attribute": 24, "product": 36}}, {"model": "product.attributevalue", "pk": 126, "fields": {"value": "4", "unit": null, "attribute": 25, "product": 36}}, {"model": "product.attributevalue", "pk": 127, "fields": {"value": "Black", "unit": null, "attribute": 26, "product": 89}}, {"model": "product.attributevalue", "pk": 128, "fields": {"value": "None", "unit": null, "attribute": 27, "product": 89}}, {"model": "product.attributevalue", "pk": 129, "fields": {"value": "None", "unit": null, "attribute": 28, "product": 89}}, {"model": "product.attributevalue", "pk": 130, "fields": {"value": "None", "unit": null, "attribute": 29, "product": 89}}, {"model": "product.attributevalue", "pk": 131, "fields": {"value": "None", "unit": null, "attribute": 30, "product": 89}}, {"model": "product.attributevalue", "pk": 132, "fields": {"value": "None", "unit": null, "attribute": 31, "product": 89}}, {"model": "product.attributevalue", "pk": 133, "fields": {"value": "6.6", "unit": 7, "attribute": 32, "product": 89}}, {"model": "product.attributevalue", "pk": 134, "fields": {"value": "20", "unit": 3, "attribute": 47, "product": 89}}, {"model": "product.attributevalue", "pk": 135, "fields": {"value": "24 pin USB-C - male", "unit": null, "attribute": 48, "product": 89}}, {"model": "product.attributevalue", "pk": 136, "fields": {"value": "Usb Type C", "unit": null, "attribute": 49, "product": 89}}, {"model": "product.attributevalue", "pk": 137, "fields": {"value": "Black", "unit": null, "attribute": 26, "product": 88}}, {"model": "product.attributevalue", "pk": 138, "fields": {"value": "None", "unit": null, "attribute": 27, "product": 88}}, {"model": "product.attributevalue", "pk": 139, "fields": {"value": "None", "unit": null, "attribute": 28, "product": 88}}, {"model": "product.attributevalue", "pk": 140, "fields": {"value": "None", "unit": null, "attribute": 29, "product": 88}}, {"model": "product.attributevalue", "pk": 141, "fields": {"value": "None", "unit": null, "attribute": 30, "product": 88}}, {"model": "product.attributevalue", "pk": 142, "fields": {"value": "MacBook, Mac Pro, Mac mini, iMac, Surface Pro", "unit": null, "attribute": 31, "product": 88}}, {"model": "product.attributevalue", "pk": 143, "fields": {"value": "2", "unit": 7, "attribute": 32, "product": 88}}, {"model": "product.attributevalue", "pk": 144, "fields": {"value": "None", "unit": null, "attribute": 47, "product": 88}}, {"model": "product.attributevalue", "pk": 145, "fields": {"value": "USB 3.0 Hub", "unit": null, "attribute": 48, "product": 88}}, {"model": "product.attributevalue", "pk": 146, "fields": {"value": "USB 3.0 Hub", "unit": null, "attribute": 49, "product": 88}}, {"model": "product.attributevalue", "pk": 147, "fields": {"value": "White", "unit": null, "attribute": 26, "product": 87}}, {"model": "product.attributevalue", "pk": 148, "fields": {"value": "None", "unit": null, "attribute": 27, "product": 87}}, {"model": "product.attributevalue", "pk": 149, "fields": {"value": "None", "unit": null, "attribute": 28, "product": 87}}, {"model": "product.attributevalue", "pk": 150, "fields": {"value": "Yes", "unit": null, "attribute": 29, "product": 87}}, {"model": "product.attributevalue", "pk": 151, "fields": {"value": "Yes", "unit": null, "attribute": 30, "product": 87}}, {"model": "product.attributevalue", "pk": 152, "fields": {"value": "MacBook, Mac Pro, Mac mini, iMac, Surface Pro", "unit": null, "attribute": 31, "product": 87}}, {"model": "product.attributevalue", "pk": 153, "fields": {"value": "4", "unit": 7, "attribute": 32, "product": 87}}, {"model": "product.attributevalue", "pk": 154, "fields": {"value": "None", "unit": null, "attribute": 47, "product": 87}}, {"model": "product.attributevalue", "pk": 155, "fields": {"value": "3.5mm", "unit": null, "attribute": 48, "product": 87}}, {"model": "product.attributevalue", "pk": 156, "fields": {"value": "L-shaped stereo mini plug", "unit": null, "attribute": 49, "product": 87}}, {"model": "product.attributevalue", "pk": 157, "fields": {"value": "Black", "unit": null, "attribute": 26, "product": 86}}, {"model": "product.attributevalue", "pk": 158, "fields": {"value": "3 sets", "unit": null, "attribute": 27, "product": 86}}, {"model": "product.attributevalue", "pk": 159, "fields": {"value": "S/M/L", "unit": null, "attribute": 28, "product": 86}}, {"model": "product.attributevalue", "pk": 160, "fields": {"value": "Yes", "unit": null, "attribute": 29, "product": 86}}, {"model": "product.attributevalue", "pk": 161, "fields": {"value": "Yes", "unit": null, "attribute": 30, "product": 86}}, {"model": "product.attributevalue", "pk": 162, "fields": {"value": "Apple (iphone/ iPod/ iPad), Android and Blackberry", "unit": null, "attribute": 31, "product": 86}}, {"model": "product.attributevalue", "pk": 163, "fields": {"value": "3.6", "unit": 7, "attribute": 32, "product": 86}}, {"model": "product.attributevalue", "pk": 164, "fields": {"value": "None", "unit": null, "attribute": 47, "product": 86}}, {"model": "product.attributevalue", "pk": 165, "fields": {"value": "3.5mm", "unit": null, "attribute": 48, "product": 86}}, {"model": "product.attributevalue", "pk": 166, "fields": {"value": "L-shaped stereo mini plug", "unit": null, "attribute": 49, "product": 86}}, {"model": "product.attributevalue", "pk": 167, "fields": {"value": null, "unit": null, "attribute": 33, "product": 85}}, {"model": "product.attributevalue", "pk": 168, "fields": {"value": null, "unit": null, "attribute": 34, "product": 85}}, {"model": "product.attributevalue", "pk": 169, "fields": {"value": "CMOS (APS-C)", "unit": null, "attribute": 33, "product": 79}}, {"model": "product.attributevalue", "pk": 170, "fields": {"value": "24.1", "unit": 8, "attribute": 34, "product": 79}}, {"model": "product.attributevalue", "pk": 171, "fields": {"value": "Black", "unit": null, "attribute": 50, "product": 79}}, {"model": "product.attributevalue", "pk": 172, "fields": {"value": "DSLR Camera with Lens", "unit": null, "attribute": 51, "product": 79}}, {"model": "product.attributevalue", "pk": 173, "fields": {"value": "1", "unit": null, "attribute": 52, "product": 79}}, {"model": "product.attributevalue", "pk": 174, "fields": {"value": "6000 x 4000", "unit": null, "attribute": 53, "product": 79}}, {"model": "product.attributevalue", "pk": 175, "fields": {"value": "100", "unit": null, "attribute": 54, "product": 79}}, {"model": "product.attributevalue", "pk": 176, "fields": {"value": "12800", "unit": null, "attribute": 55, "product": 79}}, {"model": "product.attributevalue", "pk": 177, "fields": {"value": "f/3.5", "unit": null, "attribute": 56, "product": 79}}, {"model": "product.attributevalue", "pk": 178, "fields": {"value": "18", "unit": 9, "attribute": 57, "product": 79}}, {"model": "product.attributevalue", "pk": 179, "fields": {"value": "55", "unit": 9, "attribute": 58, "product": 79}}, {"model": "product.attributevalue", "pk": 180, "fields": {"value": "Bluetooth", "unit": null, "attribute": 59, "product": 79}}, {"model": "product.attributevalue", "pk": 181, "fields": {"value": "4", "unit": 5, "attribute": 60, "product": 79}}, {"model": "product.attributevalue", "pk": 182, "fields": {"value": "3.1", "unit": 5, "attribute": 61, "product": 79}}, {"model": "product.attributevalue", "pk": 183, "fields": {"value": "5.1", "unit": 5, "attribute": 62, "product": 79}}, {"model": "product.attributevalue", "pk": 184, "fields": {"value": "0.9", "unit": 6, "attribute": 63, "product": 79}}, {"model": "product.attributevalue", "pk": 185, "fields": {"value": "USB 2.0, HDMI, Mini HDMI", "unit": null, "attribute": 64, "product": 79}}, {"model": "product.attributevalue", "pk": 186, "fields": {"value": "White", "unit": null, "attribute": 50, "product": 85}}, {"model": "product.attributevalue", "pk": 187, "fields": {"value": "Home Security", "unit": null, "attribute": 51, "product": 85}}, {"model": "product.attributevalue", "pk": 188, "fields": {"value": "1", "unit": null, "attribute": 52, "product": 85}}, {"model": "product.attributevalue", "pk": 189, "fields": {"value": null, "unit": null, "attribute": 53, "product": 85}}, {"model": "product.attributevalue", "pk": 190, "fields": {"value": null, "unit": null, "attribute": 54, "product": 85}}, {"model": "product.attributevalue", "pk": 191, "fields": {"value": null, "unit": null, "attribute": 55, "product": 85}}, {"model": "product.attributevalue", "pk": 192, "fields": {"value": null, "unit": null, "attribute": 56, "product": 85}}, {"model": "product.attributevalue", "pk": 193, "fields": {"value": null, "unit": null, "attribute": 57, "product": 85}}, {"model": "product.attributevalue", "pk": 194, "fields": {"value": null, "unit": null, "attribute": 58, "product": 85}}, {"model": "product.attributevalue", "pk": 195, "fields": {"value": "Wi-Fi", "unit": null, "attribute": 59, "product": 85}}, {"model": "product.attributevalue", "pk": 196, "fields": {"value": null, "unit": null, "attribute": 60, "product": 85}}, {"model": "product.attributevalue", "pk": 197, "fields": {"value": "3.2", "unit": 5, "attribute": 61, "product": 85}}, {"model": "product.attributevalue", "pk": 198, "fields": {"value": null, "unit": null, "attribute": 62, "product": 85}}, {"model": "product.attributevalue", "pk": 199, "fields": {"value": "3.4", "unit": 6, "attribute": 63, "product": 85}}, {"model": "product.attributevalue", "pk": 200, "fields": {"value": null, "unit": null, "attribute": 64, "product": 85}}, {"model": "product.attributevalue", "pk": 201, "fields": {"value": "1080", "unit": 10, "attribute": 65, "product": 85}}, {"model": "product.attributevalue", "pk": 202, "fields": {"value": "CCD", "unit": null, "attribute": 33, "product": 84}}, {"model": "product.attributevalue", "pk": 203, "fields": {"value": "20", "unit": 8, "attribute": 34, "product": 84}}, {"model": "product.attributevalue", "pk": 204, "fields": {"value": "Silver", "unit": null, "attribute": 50, "product": 84}}, {"model": "product.attributevalue", "pk": 205, "fields": {"value": "Point and Shoot Cameras", "unit": null, "attribute": 51, "product": 84}}, {"model": "product.attributevalue", "pk": 206, "fields": {"value": "1", "unit": null, "attribute": 52, "product": 84}}, {"model": "product.attributevalue", "pk": 207, "fields": {"value": "5152 x 3864", "unit": null, "attribute": 53, "product": 84}}, {"model": "product.attributevalue", "pk": 208, "fields": {"value": null, "unit": null, "attribute": 54, "product": 84}}, {"model": "product.attributevalue", "pk": 209, "fields": {"value": null, "unit": null, "attribute": 55, "product": 84}}, {"model": "product.attributevalue", "pk": 210, "fields": {"value": "f/3.2", "unit": null, "attribute": 56, "product": 84}}, {"model": "product.attributevalue", "pk": 211, "fields": {"value": null, "unit": null, "attribute": 57, "product": 84}}, {"model": "product.attributevalue", "pk": 212, "fields": {"value": null, "unit": null, "attribute": 58, "product": 84}}, {"model": "product.attributevalue", "pk": 213, "fields": {"value": null, "unit": null, "attribute": 59, "product": 84}}, {"model": "product.attributevalue", "pk": 214, "fields": {"value": "2.1", "unit": 5, "attribute": 60, "product": 84}}, {"model": "product.attributevalue", "pk": 215, "fields": {"value": "0.9", "unit": 5, "attribute": 61, "product": 84}}, {"model": "product.attributevalue", "pk": 216, "fields": {"value": "3.7", "unit": 5, "attribute": 62, "product": 84}}, {"model": "product.attributevalue", "pk": 217, "fields": {"value": "0.28", "unit": 6, "attribute": 63, "product": 84}}, {"model": "product.attributevalue", "pk": 218, "fields": {"value": "USB 2.0", "unit": null, "attribute": 64, "product": 84}}, {"model": "product.attributevalue", "pk": 219, "fields": {"value": null, "unit": null, "attribute": 65, "product": 84}}, {"model": "product.attributevalue", "pk": 220, "fields": {"value": "", "unit": null, "attribute": 33, "product": 83}}, {"model": "product.attributevalue", "pk": 221, "fields": {"value": "", "unit": null, "attribute": 34, "product": 83}}, {"model": "product.attributevalue", "pk": 222, "fields": {"value": "", "unit": null, "attribute": 50, "product": 83}}, {"model": "product.attributevalue", "pk": 223, "fields": {"value": "", "unit": null, "attribute": 51, "product": 83}}, {"model": "product.attributevalue", "pk": 224, "fields": {"value": "", "unit": null, "attribute": 52, "product": 83}}, {"model": "product.attributevalue", "pk": 225, "fields": {"value": "", "unit": null, "attribute": 53, "product": 83}}, {"model": "product.attributevalue", "pk": 226, "fields": {"value": "", "unit": null, "attribute": 54, "product": 83}}, {"model": "product.attributevalue", "pk": 227, "fields": {"value": "", "unit": null, "attribute": 55, "product": 83}}, {"model": "product.attributevalue", "pk": 228, "fields": {"value": "", "unit": null, "attribute": 56, "product": 83}}, {"model": "product.attributevalue", "pk": 229, "fields": {"value": "", "unit": null, "attribute": 57, "product": 83}}, {"model": "product.attributevalue", "pk": 230, "fields": {"value": "", "unit": null, "attribute": 58, "product": 83}}, {"model": "product.attributevalue", "pk": 231, "fields": {"value": "", "unit": null, "attribute": 59, "product": 83}}, {"model": "product.attributevalue", "pk": 232, "fields": {"value": "", "unit": null, "attribute": 60, "product": 83}}, {"model": "product.attributevalue", "pk": 233, "fields": {"value": "", "unit": null, "attribute": 61, "product": 83}}, {"model": "product.attributevalue", "pk": 234, "fields": {"value": "", "unit": null, "attribute": 62, "product": 83}}, {"model": "product.attributevalue", "pk": 235, "fields": {"value": "", "unit": null, "attribute": 63, "product": 83}}, {"model": "product.attributevalue", "pk": 236, "fields": {"value": "", "unit": null, "attribute": 64, "product": 83}}, {"model": "product.attributevalue", "pk": 237, "fields": {"value": "", "unit": null, "attribute": 65, "product": 83}}, {"model": "product.attributevalue", "pk": 238, "fields": {"value": null, "unit": null, "attribute": 33, "product": 80}}, {"model": "product.attributevalue", "pk": 239, "fields": {"value": null, "unit": null, "attribute": 34, "product": 80}}, {"model": "product.attributevalue", "pk": 240, "fields": {"value": null, "unit": null, "attribute": 50, "product": 80}}, {"model": "product.attributevalue", "pk": 241, "fields": {"value": null, "unit": null, "attribute": 51, "product": 80}}, {"model": "product.attributevalue", "pk": 242, "fields": {"value": null, "unit": null, "attribute": 52, "product": 80}}, {"model": "product.attributevalue", "pk": 243, "fields": {"value": null, "unit": null, "attribute": 53, "product": 80}}, {"model": "product.attributevalue", "pk": 244, "fields": {"value": null, "unit": null, "attribute": 54, "product": 80}}, {"model": "product.attributevalue", "pk": 245, "fields": {"value": null, "unit": null, "attribute": 55, "product": 80}}, {"model": "product.attributevalue", "pk": 246, "fields": {"value": null, "unit": null, "attribute": 56, "product": 80}}, {"model": "product.attributevalue", "pk": 247, "fields": {"value": null, "unit": null, "attribute": 57, "product": 80}}, {"model": "product.attributevalue", "pk": 248, "fields": {"value": null, "unit": null, "attribute": 58, "product": 80}}, {"model": "product.attributevalue", "pk": 249, "fields": {"value": null, "unit": null, "attribute": 59, "product": 80}}, {"model": "product.attributevalue", "pk": 250, "fields": {"value": null, "unit": null, "attribute": 60, "product": 80}}, {"model": "product.attributevalue", "pk": 251, "fields": {"value": "2.01", "unit": 5, "attribute": 61, "product": 80}}, {"model": "product.attributevalue", "pk": 252, "fields": {"value": null, "unit": null, "attribute": 62, "product": 80}}, {"model": "product.attributevalue", "pk": 253, "fields": {"value": "0.24", "unit": 6, "attribute": 63, "product": 80}}, {"model": "product.attributevalue", "pk": 254, "fields": {"value": null, "unit": null, "attribute": 64, "product": 80}}, {"model": "product.attributevalue", "pk": 255, "fields": {"value": "1080", "unit": null, "attribute": 65, "product": 80}}, {"model": "product.attributevalue", "pk": 256, "fields": {"value": null, "unit": null, "attribute": 33, "product": 81}}, {"model": "product.attributevalue", "pk": 257, "fields": {"value": null, "unit": null, "attribute": 34, "product": 81}}, {"model": "product.attributevalue", "pk": 258, "fields": {"value": null, "unit": null, "attribute": 50, "product": 81}}, {"model": "product.attributevalue", "pk": 259, "fields": {"value": null, "unit": null, "attribute": 51, "product": 81}}, {"model": "product.attributevalue", "pk": 260, "fields": {"value": null, "unit": null, "attribute": 52, "product": 81}}, {"model": "product.attributevalue", "pk": 261, "fields": {"value": null, "unit": null, "attribute": 53, "product": 81}}, {"model": "product.attributevalue", "pk": 262, "fields": {"value": null, "unit": null, "attribute": 54, "product": 81}}, {"model": "product.attributevalue", "pk": 263, "fields": {"value": null, "unit": null, "attribute": 55, "product": 81}}, {"model": "product.attributevalue", "pk": 264, "fields": {"value": null, "unit": null, "attribute": 56, "product": 81}}, {"model": "product.attributevalue", "pk": 265, "fields": {"value": null, "unit": null, "attribute": 57, "product": 81}}, {"model": "product.attributevalue", "pk": 266, "fields": {"value": null, "unit": null, "attribute": 58, "product": 81}}, {"model": "product.attributevalue", "pk": 267, "fields": {"value": null, "unit": null, "attribute": 59, "product": 81}}, {"model": "product.attributevalue", "pk": 268, "fields": {"value": null, "unit": null, "attribute": 60, "product": 81}}, {"model": "product.attributevalue", "pk": 269, "fields": {"value": "2.5", "unit": 5, "attribute": 61, "product": 81}}, {"model": "product.attributevalue", "pk": 270, "fields": {"value": null, "unit": null, "attribute": 62, "product": 81}}, {"model": "product.attributevalue", "pk": 271, "fields": {"value": "0.21", "unit": 6, "attribute": 63, "product": 81}}, {"model": "product.attributevalue", "pk": 272, "fields": {"value": null, "unit": null, "attribute": 64, "product": 81}}, {"model": "product.attributevalue", "pk": 273, "fields": {"value": "1080", "unit": 10, "attribute": 65, "product": 81}}, {"model": "product.attributevalue", "pk": 274, "fields": {"value": null, "unit": null, "attribute": 33, "product": 82}}, {"model": "product.attributevalue", "pk": 275, "fields": {"value": "16", "unit": 8, "attribute": 34, "product": 82}}, {"model": "product.attributevalue", "pk": 276, "fields": {"value": null, "unit": null, "attribute": 50, "product": 82}}, {"model": "product.attributevalue", "pk": 277, "fields": {"value": null, "unit": null, "attribute": 51, "product": 82}}, {"model": "product.attributevalue", "pk": 278, "fields": {"value": "1", "unit": null, "attribute": 52, "product": 82}}, {"model": "product.attributevalue", "pk": 279, "fields": {"value": "5000 x 3200", "unit": null, "attribute": 53, "product": 82}}, {"model": "product.attributevalue", "pk": 280, "fields": {"value": "100", "unit": null, "attribute": 54, "product": 82}}, {"model": "product.attributevalue", "pk": 281, "fields": {"value": "6400", "unit": null, "attribute": 55, "product": 82}}, {"model": "product.attributevalue", "pk": 282, "fields": {"value": null, "unit": null, "attribute": 56, "product": 82}}, {"model": "product.attributevalue", "pk": 283, "fields": {"value": null, "unit": null, "attribute": 57, "product": 82}}, {"model": "product.attributevalue", "pk": 284, "fields": {"value": null, "unit": null, "attribute": 58, "product": 82}}, {"model": "product.attributevalue", "pk": 285, "fields": {"value": null, "unit": null, "attribute": 59, "product": 82}}, {"model": "product.attributevalue", "pk": 286, "fields": {"value": "3.0", "unit": 5, "attribute": 60, "product": 82}}, {"model": "product.attributevalue", "pk": 287, "fields": {"value": "1.4", "unit": 5, "attribute": 61, "product": 82}}, {"model": "product.attributevalue", "pk": 288, "fields": {"value": "3.7", "unit": 5, "attribute": 62, "product": 82}}, {"model": "product.attributevalue", "pk": 289, "fields": {"value": "0.34", "unit": 6, "attribute": 63, "product": 82}}, {"model": "product.attributevalue", "pk": 290, "fields": {"value": null, "unit": null, "attribute": 64, "product": 82}}, {"model": "product.attributevalue", "pk": 291, "fields": {"value": null, "unit": null, "attribute": 65, "product": 82}}, {"model": "product.attributevalue", "pk": 292, "fields": {"value": null, "unit": null, "attribute": 65, "product": 79}}, {"model": "product.attributevalue", "pk": 293, "fields": {"value": "6", "unit": 2, "attribute": 35, "product": 78}}, {"model": "product.attributevalue", "pk": 294, "fields": {"value": "128", "unit": 2, "attribute": 36, "product": 78}}, {"model": "product.attributevalue", "pk": 295, "fields": {"value": "MicroSD", "unit": null, "attribute": 37, "product": 78}}, {"model": "product.attributevalue", "pk": 296, "fields": {"value": "512", "unit": 2, "attribute": 38, "product": 78}}, {"model": "product.attributevalue", "pk": 297, "fields": {"value": "68", "unit": null, "attribute": 39, "product": 78}}, {"model": "product.attributevalue", "pk": 298, "fields": {"value": "48", "unit": 8, "attribute": 66, "product": 78}}, {"model": "product.attributevalue", "pk": 299, "fields": {"value": "13", "unit": 8, "attribute": 67, "product": 78}}, {"model": "product.attributevalue", "pk": 300, "fields": {"value": "8", "unit": 8, "attribute": 68, "product": 78}}, {"model": "product.attributevalue", "pk": 301, "fields": {"value": "8", "unit": 2, "attribute": 35, "product": 77}}, {"model": "product.attributevalue", "pk": 302, "fields": {"value": "128", "unit": 2, "attribute": 36, "product": 77}}, {"model": "product.attributevalue", "pk": 303, "fields": {"value": "MicroSD", "unit": null, "attribute": 37, "product": 77}}, {"model": "product.attributevalue", "pk": 304, "fields": {"value": "256", "unit": 2, "attribute": 38, "product": 77}}, {"model": "product.attributevalue", "pk": 305, "fields": {"value": "56", "unit": null, "attribute": 39, "product": 77}}, {"model": "product.attributevalue", "pk": 306, "fields": {"value": "48", "unit": 8, "attribute": 66, "product": 77}}, {"model": "product.attributevalue", "pk": 307, "fields": {"value": "48", "unit": 8, "attribute": 67, "product": 77}}, {"model": "product.attributevalue", "pk": 308, "fields": {"value": "13", "unit": 8, "attribute": 68, "product": 77}}, {"model": "product.attributevalue", "pk": 309, "fields": {"value": "16", "unit": 2, "attribute": 35, "product": 76}}, {"model": "product.attributevalue", "pk": 310, "fields": {"value": "128", "unit": 2, "attribute": 36, "product": 76}}, {"model": "product.attributevalue", "pk": 311, "fields": {"value": "MicroSD", "unit": 2, "attribute": 37, "product": 76}}, {"model": "product.attributevalue", "pk": 312, "fields": {"value": "512", "unit": 2, "attribute": 38, "product": 76}}, {"model": "product.attributevalue", "pk": 313, "fields": {"value": "68", "unit": null, "attribute": 39, "product": 76}}, {"model": "product.attributevalue", "pk": 314, "fields": {"value": "50", "unit": null, "attribute": 66, "product": 76}}, {"model": "product.attributevalue", "pk": 315, "fields": {"value": null, "unit": null, "attribute": 67, "product": 76}}, {"model": "product.attributevalue", "pk": 316, "fields": {"value": null, "unit": null, "attribute": 68, "product": 76}}, {"model": "product.attributevalue", "pk": 317, "fields": {"value": "12", "unit": 2, "attribute": 35, "product": 75}}, {"model": "product.attributevalue", "pk": 318, "fields": {"value": "64", "unit": 2, "attribute": 36, "product": 75}}, {"model": "product.attributevalue", "pk": 319, "fields": {"value": "MicroSD", "unit": null, "attribute": 37, "product": 75}}, {"model": "product.attributevalue", "pk": 320, "fields": {"value": "128", "unit": null, "attribute": 38, "product": 75}}, {"model": "product.attributevalue", "pk": 321, "fields": {"value": "67", "unit": null, "attribute": 39, "product": 75}}, {"model": "product.attributevalue", "pk": 322, "fields": {"value": "48", "unit": 8, "attribute": 66, "product": 75}}, {"model": "product.attributevalue", "pk": 323, "fields": {"value": "8", "unit": 8, "attribute": 67, "product": 75}}, {"model": "product.attributevalue", "pk": 324, "fields": {"value": "8", "unit": 8, "attribute": 68, "product": 75}}, {"model": "product.attributevalue", "pk": 325, "fields": {"value": "6", "unit": 2, "attribute": 35, "product": 74}}, {"model": "product.attributevalue", "pk": 326, "fields": {"value": "64", "unit": 2, "attribute": 36, "product": 74}}, {"model": "product.attributevalue", "pk": 327, "fields": {"value": "MicroSD", "unit": null, "attribute": 37, "product": 74}}, {"model": "product.attributevalue", "pk": 328, "fields": {"value": "256", "unit": 2, "attribute": 38, "product": 74}}, {"model": "product.attributevalue", "pk": 329, "fields": {"value": "56", "unit": null, "attribute": 39, "product": 74}}, {"model": "product.attributevalue", "pk": 330, "fields": {"value": "48", "unit": 8, "attribute": 66, "product": 74}}, {"model": "product.attributevalue", "pk": 331, "fields": {"value": "12", "unit": 8, "attribute": 67, "product": 74}}, {"model": "product.attributevalue", "pk": 332, "fields": {"value": "8", "unit": 8, "attribute": 68, "product": 74}}, {"model": "product.attributevalue", "pk": 333, "fields": {"value": "32", "unit": 2, "attribute": 35, "product": 73}}, {"model": "product.attributevalue", "pk": 334, "fields": {"value": "512", "unit": 2, "attribute": 36, "product": 73}}, {"model": "product.attributevalue", "pk": 335, "fields": {"value": null, "unit": null, "attribute": 37, "product": 73}}, {"model": "product.attributevalue", "pk": 336, "fields": {"value": null, "unit": null, "attribute": 38, "product": 73}}, {"model": "product.attributevalue", "pk": 337, "fields": {"value": "68", "unit": null, "attribute": 39, "product": 73}}, {"model": "product.attributevalue", "pk": 338, "fields": {"value": "108", "unit": 8, "attribute": 66, "product": 73}}, {"model": "product.attributevalue", "pk": 339, "fields": {"value": "64", "unit": 8, "attribute": 67, "product": 73}}, {"model": "product.attributevalue", "pk": 340, "fields": {"value": "64", "unit": 8, "attribute": 68, "product": 73}}]