[{"model": "discount.discount", "pk": 1, "fields": {"discount_type": "PD", "discount_mechanism": "P", "discount_value": 10, "is_active": true, "description": "Product discount, percent discount, active, with start and stop date, single product", "start_at": "2022-05-11T00:00:00Z", "finish_at": "2022-07-31T00:00:00Z"}}, {"model": "discount.discount", "pk": 2, "fields": {"discount_type": "PD", "discount_mechanism": "P", "discount_value": 10, "is_active": true, "description": "Product discount, percent discount, active, with start and stop date, few products", "start_at": "2022-05-11T00:00:00Z", "finish_at": "2022-07-31T00:00:00Z"}}, {"model": "discount.discount", "pk": 3, "fields": {"discount_type": "PD", "discount_mechanism": "P", "discount_value": 12, "is_active": true, "description": "Product discount, percent discount, active, with start and stop date, single product and single category", "start_at": "2022-05-11T00:00:00Z", "finish_at": "2022-07-11T00:00:00Z"}}, {"model": "discount.discount", "pk": 4, "fields": {"discount_type": "PD", "discount_mechanism": "P", "discount_value": 10, "is_active": true, "description": "Product discount, percent discount, active, with start and stop date, few products and single category", "start_at": "2022-05-11T00:00:00Z", "finish_at": "2022-07-12T00:00:00Z"}}, {"model": "discount.discount", "pk": 5, "fields": {"discount_type": "PD", "discount_mechanism": "P", "discount_value": 15, "is_active": true, "description": "Product discount, percent discount, active, with start and stop date, few categories", "start_at": "2022-05-11T00:00:00Z", "finish_at": "2022-07-12T00:00:00Z"}}, {"model": "discount.discount", "pk": 6, "fields": {"discount_type": "PD", "discount_mechanism": "P", "discount_value": 16, "is_active": false, "description": "Product discount, percent discount, active, with start and stop date, single product (false)", "start_at": "2022-05-11T00:00:00Z", "finish_at": "2022-07-13T00:00:00Z"}}, {"model": "discount.discount", "pk": 7, "fields": {"discount_type": "PD", "discount_mechanism": "P", "discount_value": 17, "is_active": false, "description": "Product discount, percent discount, active, with start and stop date, few products (false)", "start_at": "2022-05-11T00:00:00Z", "finish_at": "2022-07-13T00:00:00Z"}}, {"model": "discount.discount", "pk": 8, "fields": {"discount_type": "PD", "discount_mechanism": "P", "discount_value": 18, "is_active": false, "description": "Product discount, percent discount, active, with start and stop date, single product and single category (false)", "start_at": "2022-05-11T00:00:00Z", "finish_at": "2022-07-13T00:00:00Z"}}, {"model": "discount.discount", "pk": 9, "fields": {"discount_type": "PD", "discount_mechanism": "P", "discount_value": 19, "is_active": false, "description": "Product discount, percent discount, active, with start and stop date, few products and single category (false)", "start_at": "2022-05-11T00:00:00Z", "finish_at": "2022-07-13T00:00:00Z"}}, {"model": "discount.discount", "pk": 10, "fields": {"discount_type": "PD", "discount_mechanism": "P", "discount_value": 20, "is_active": false, "description": "Product discount, percent discount, active, with start and stop date, few categories (false)", "start_at": "2022-05-11T00:00:00Z", "finish_at": "2022-07-13T00:00:00Z"}}, {"model": "discount.discount", "pk": 11, "fields": {"discount_type": "PD", "discount_mechanism": "P", "discount_value": 21, "is_active": true, "description": "Product discount, percent discount, active, with start and stop date, single product (finished)", "start_at": "2022-05-11T00:00:00Z", "finish_at": "2022-05-12T00:00:00Z"}}, {"model": "discount.discount", "pk": 12, "fields": {"discount_type": "PD", "discount_mechanism": "P", "discount_value": 22, "is_active": true, "description": "Product discount, percent discount, active, with start and stop date, few products (finished)", "start_at": "2022-05-11T00:00:00Z", "finish_at": "2022-05-12T00:00:00Z"}}, {"model": "discount.discount", "pk": 13, "fields": {"discount_type": "PD", "discount_mechanism": "P", "discount_value": 23, "is_active": true, "description": "Product discount, percent discount, active, with start and stop date, single product and single category (finished)", "start_at": "2022-05-11T00:00:00Z", "finish_at": "2022-05-12T00:00:00Z"}}, {"model": "discount.discount", "pk": 14, "fields": {"discount_type": "PD", "discount_mechanism": "P", "discount_value": 24, "is_active": true, "description": "Product discount, percent discount, active, with start and stop date, few products and single category (finished)", "start_at": "2022-05-11T00:00:00Z", "finish_at": "2022-05-12T00:00:00Z"}}, {"model": "discount.discount", "pk": 15, "fields": {"discount_type": "PD", "discount_mechanism": "P", "discount_value": 25, "is_active": true, "description": "Product discount, percent discount, active, with start and stop date, few categories (finished)", "start_at": "2022-05-11T00:00:00Z", "finish_at": "2022-05-12T00:00:00Z"}}, {"model": "discount.discount", "pk": 17, "fields": {"discount_type": "PD", "discount_mechanism": "P", "discount_value": 10, "is_active": true, "description": "Product discount, percent discount, active, with start and stop date, single product (infinity)", "start_at": "2022-05-11T00:00:00Z", "finish_at": null}}, {"model": "discount.discount", "pk": 18, "fields": {"discount_type": "PD", "discount_mechanism": "P", "discount_value": 10, "is_active": true, "description": "Product discount, percent discount, active, with start and stop date, few products (infinity)", "start_at": "2022-05-11T00:00:00Z", "finish_at": null}}, {"model": "discount.discount", "pk": 19, "fields": {"discount_type": "PD", "discount_mechanism": "P", "discount_value": 12, "is_active": true, "description": "Product discount, percent discount, active, with start and stop date, single product and single category (infinity)", "start_at": "2022-05-11T00:00:00Z", "finish_at": null}}, {"model": "discount.discount", "pk": 20, "fields": {"discount_type": "PD", "discount_mechanism": "P", "discount_value": 10, "is_active": true, "description": "Product discount, percent discount, active, with start and stop date, few products and single category (infinity)", "start_at": "2022-05-11T00:00:00Z", "finish_at": null}}, {"model": "discount.discount", "pk": 21, "fields": {"discount_type": "PD", "discount_mechanism": "P", "discount_value": 15, "is_active": true, "description": "Product discount, percent discount, active, with start and stop date, few categories (infinity)", "start_at": "2022-05-11T00:00:00Z", "finish_at": null}}, {"model": "discount.discount", "pk": 22, "fields": {"discount_type": "PD", "discount_mechanism": "P", "discount_value": 30, "is_active": true, "description": "Product discount, percent discount, active, with start and stop date, single category with childs (infinity)", "start_at": "2022-05-11T00:00:00Z", "finish_at": null}}, {"model": "discount.discount", "pk": 23, "fields": {"discount_type": "PD", "discount_mechanism": "S", "discount_value": 10, "is_active": false, "description": "Set discount", "start_at": "2022-05-13T00:00:00Z", "finish_at": null}}, {"model": "discount.discount", "pk": 24, "fields": {"discount_type": "BD", "discount_mechanism": "F", "discount_value": 50, "is_active": true, "description": "Basket discount", "start_at": "2022-05-13T00:00:00Z", "finish_at": null}}, {"model": "discount.discount", "pk": 25, "fields": {"discount_type": "PD", "discount_mechanism": "P", "discount_value": 20, "is_active": true, "description": "Electronic / computers discount", "start_at": "2022-05-13T00:00:00Z", "finish_at": null}}, {"model": "discount.discount", "pk": 26, "fields": {"discount_type": "PD", "discount_mechanism": "F", "discount_value": 1, "is_active": true, "description": "amazon teapot discount", "start_at": "2022-05-14T00:00:00Z", "finish_at": null}}, {"model": "discount.discount", "pk": 27, "fields": {"discount_type": "PD", "discount_mechanism": "S", "discount_value": 100, "is_active": true, "description": "teapot category discount", "start_at": "2022-05-14T00:00:00Z", "finish_at": null}}, {"model": "discount.discount", "pk": 28, "fields": {"discount_type": "PD", "discount_mechanism": "P", "discount_value": 12, "is_active": true, "description": "kitchen category discount", "start_at": "2022-05-14T00:00:00Z", "finish_at": null}}, {"model": "discount.discount", "pk": 29, "fields": {"discount_type": "PD", "discount_mechanism": "P", "discount_value": 15, "is_active": true, "description": "appliances category discount", "start_at": "2022-05-14T00:00:00Z", "finish_at": null}}, {"model": "discount.discount", "pk": 30, "fields": {"discount_type": "BD", "discount_mechanism": "P", "discount_value": 50, "is_active": true, "description": "Скидка корзины", "start_at": "2022-06-19T00:00:00Z", "finish_at": null}}, {"model": "discount.discount", "pk": 31, "fields": {"discount_type": "BD", "discount_mechanism": "S", "discount_value": 200, "is_active": true, "description": "Скидка корзины 1", "start_at": "2022-06-19T00:00:00Z", "finish_at": null}}, {"model": "discount.productdiscount", "pk": 8, "fields": {"discount_id": 5, "product_id": [], "category_id": [6, 8]}}, {"model": "discount.productdiscount", "pk": 9, "fields": {"discount_id": 1, "product_id": [79], "category_id": []}}, {"model": "discount.productdiscount", "pk": 10, "fields": {"discount_id": 2, "product_id": [80, 81], "category_id": []}}, {"model": "discount.productdiscount", "pk": 11, "fields": {"discount_id": 3, "product_id": [82], "category_id": [8]}}, {"model": "discount.productdiscount", "pk": 12, "fields": {"discount_id": 4, "product_id": [1, 34], "category_id": [7]}}, {"model": "discount.productdiscount", "pk": 13, "fields": {"discount_id": 6, "product_id": [79], "category_id": []}}, {"model": "discount.productdiscount", "pk": 14, "fields": {"discount_id": 7, "product_id": [80, 81], "category_id": []}}, {"model": "discount.productdiscount", "pk": 16, "fields": {"discount_id": 8, "product_id": [82], "category_id": [8]}}, {"model": "discount.productdiscount", "pk": 17, "fields": {"discount_id": 9, "product_id": [1, 34], "category_id": [7]}}, {"model": "discount.productdiscount", "pk": 18, "fields": {"discount_id": 10, "product_id": [], "category_id": [7, 8]}}, {"model": "discount.productdiscount", "pk": 19, "fields": {"discount_id": 11, "product_id": [79], "category_id": []}}, {"model": "discount.productdiscount", "pk": 20, "fields": {"discount_id": 12, "product_id": [80, 81], "category_id": []}}, {"model": "discount.productdiscount", "pk": 21, "fields": {"discount_id": 13, "product_id": [82], "category_id": [8]}}, {"model": "discount.productdiscount", "pk": 22, "fields": {"discount_id": 14, "product_id": [1, 34], "category_id": [7]}}, {"model": "discount.productdiscount", "pk": 23, "fields": {"discount_id": 15, "product_id": [], "category_id": [7, 8]}}, {"model": "discount.productdiscount", "pk": 24, "fields": {"discount_id": 17, "product_id": [64], "category_id": []}}, {"model": "discount.productdiscount", "pk": 25, "fields": {"discount_id": 18, "product_id": [69, 70], "category_id": []}}, {"model": "discount.productdiscount", "pk": 26, "fields": {"discount_id": 19, "product_id": [71], "category_id": [13]}}, {"model": "discount.productdiscount", "pk": 27, "fields": {"discount_id": 20, "product_id": [69, 70], "category_id": [3]}}, {"model": "discount.productdiscount", "pk": 28, "fields": {"discount_id": 21, "product_id": [], "category_id": [3, 13]}}, {"model": "discount.productdiscount", "pk": 29, "fields": {"discount_id": 22, "product_id": [], "category_id": [11]}}, {"model": "discount.productdiscount", "pk": 30, "fields": {"discount_id": 25, "product_id": [], "category_id": [5]}}, {"model": "discount.productdiscount", "pk": 31, "fields": {"discount_id": 26, "product_id": [43], "category_id": []}}, {"model": "discount.productdiscount", "pk": 32, "fields": {"discount_id": 27, "product_id": [], "category_id": [12]}}, {"model": "discount.productdiscount", "pk": 33, "fields": {"discount_id": 28, "product_id": [], "category_id": [11]}}, {"model": "discount.productdiscount", "pk": 34, "fields": {"discount_id": 29, "product_id": [], "category_id": [9]}}, {"model": "discount.setdiscount", "pk": 1, "fields": {"discount_id": 23, "product_id_1": [1], "category_id_1": [], "product_id_2": [], "category_id_2": [1]}}, {"model": "discount.basketdiscount", "pk": 1, "fields": {"discount_id": 24, "min_products_count": 3, "max_products_count": 4, "min_basket_cost": 0, "max_basket_cost": 0}}, {"model": "discount.basketdiscount", "pk": 2, "fields": {"discount_id": 30, "min_products_count": 0, "max_products_count": 0, "min_basket_cost": 500, "max_basket_cost": 1000}}, {"model": "discount.basketdiscount", "pk": 3, "fields": {"discount_id": 31, "min_products_count": 4, "max_products_count": 4, "min_basket_cost": 0, "max_basket_cost": 0}}]